,Denver,Tampa,Atlanta,Seattle,New York,Los Angeles,Chicago,Dallas
Denver,0.016666666666666666,26.0,20.166666666666668,19.466666666666665,26.0,15.433333333333334,14.5,11.966666666666667
Tampa,26.0,0.016666666666666666,6.5,45.0,17.116666666666667,37.0,17.05,16.05
Atlanta,20.166666666666668,6.5,0.016666666666666666,39.0,13.566666666666666,32.0,10.766666666666667,11.35
Seattle,19.466666666666665,45.0,39.0,0.016666666666666666,42.0,17.5,30.0,31.0
New York,26.0,17.116666666666667,13.566666666666666,42.0,0.016666666666666666,42.0,12.45,23.3
Los Angeles,15.433333333333334,37.0,32.0,17.5,42.0,0.016666666666666666,30.0,21.333333333333332
Chicago,14.5,17.05,10.766666666666667,30.0,12.45,30.0,0.016666666666666666,14.0
Dallas,11.966666666666667,16.05,11.35,31.0,23.3,21.333333333333332,14.0,0.016666666666666666
